### 그룹함수

- sum : 총 합
- agv : -평균값
- count :  갯수 (숫자, 문자 ,날짜)
- max : 최대값(숫자, 문자, 날짜)
- min : 최소값(숫자, 문자, 날짜)
- stdev : 표준편차 (숫자)
- variancd : 분산 ( 숫자 )



- select 문의 순서
  - from
  - where
  - group by
  - select에 있는 group by



```sql
SQL> edit
-- 방금 친 sql문이 메모장에 저장되어 뜬다
SQL> /
-- 저장된 메모장이 실행된다
```



- count

  ```sql
  select count(department_id) as 부서갯수, count(salary) as 급여개수 from employees;
  ```

  - null값을 제외하고 값이 있는 값들만 센다.

  - null값도 포함해서 출력하고 싶으면 count(*)

    ```sql
    select count(*) as 모든 인원 from employees;
    ```

  

- max , min

  ```sql
  select max(first_name), max(hire_date), max(salary) from employees;
  
  MAX(FIRST_NAME)                          MAX(HIRE MAX(SALARY)
  ---------------------------------------- -------- -----------
  Winston                                  08/04/21       24000
                                               
  -- 영어는 최대값이 Z에 가까운사람, 날짜는 가장 최근, 숫자는 가장 큰 숫자가 나온다
                                               
                                               
                                               
  select first_name, salary from employees where salary = (select max(salary) from employees) or salary = (select min(salary) from employees);
  
  FIRST_NAME                                   SALARY
  ---------------------------------------- ----------
  Steven                                        24000
  TJ                                             2100
  ```

  

- group by

  - group by 절에 다른 컬럼 기술 불가 (단, group by 쓸때 뒤에 컬럼을 쓰면 그땐 또 가능 즉, select문에도 쓰고, group by 뒤에도 쓴다)

  - department_id =80인 사원들의 급여 총합 조회

    ```sql
    select department_id, sum(salary) from employees group by department_id;
    
    DEPARTMENT_ID SUM(SALARY)
    ------------- -----------
              100       51608
               30       24900
                         7000
               90       58000
               ...
               10        4400
    
    12 rows selected.
    
    
    
    -- null 인 사람을 제외시켜보자 ( group by는 뒤로, where가 먼저 써야한다)
    
    select department_id, sum(salary) from employees where department_id is not null group by department_id;
    
    DEPARTMENT_ID SUM(SALARY)
    ------------- -----------
              100       51608
               30       24900
               90       58000
               ...
               10        4400
    
    11 rows selected.
    
    
    
    -- 부서와 직종별로 나눠서 확인 
    select department_id, job_id, sum(salary) from employees where department_id is not null group by department_id, job_id order by department_id;
    
    DEPARTMENT_ID JOB_ID               SUM(SALARY)
    ------------- -------------------- -----------
               10 AD_ASST                     4400
               20 MK_MAN                     13000
               20 MK_REP                      6000
               ...
              110 AC_MGR                     12008
    
    19 rows selected.
    
    ```

  

- having

  ```sql
  --- 부서별로 급여 총합 조회를 하되 부서별 급여 총합이 10000미만인 부서의 결과만 조회
  select department_id, sum(salary) from employees where sum(salary)<10000 group by department_id;
  -- 에러가 난다
  -- 이유는 where sum(salary)문이 가장 먼저 실행되는데 select 문에 있는 sum(salary)를 아직 구분을 못 시켜서 에러가 난다.
  ```

  - having은 group 함수가 있을 때에만 사용된다
  - group 함수 조건식이 있을 시에는 having에 의해 select 문 순서가
    	1. from
     	2. having
     	3. where 
     	4. group by 순이다

  ```sql
  select department_id, sum(salary) from employees group by department_id having sum(salary)>= 50000;
  
  DEPARTMENT_ID SUM(SALARY)
  ------------- -----------
            100       51608
             90       58000
             50      156400
             80      304500
             
             
  -- 부서별로 급여 총합을 조회하되 사원의 급여가 5000미만은 제외하고 부서별 급여 총합이 50000 이상인 부서의 결과만 조회하라
   select department_id, sum(salary) from employees where salary>= 5000 having sum(salary)>=50000 group by department_id;
  
  DEPARTMENT_ID SUM(SALARY)
  ------------- -----------
            100       51608
             90       58000
             80      304500
  
  ```

  

- roll up

  ```sql
  -- rollup 미사용( group by 사용)
  
  select department_id, job_id, sum(salary) from employees where department_id is not null group by department_id, job_id order by department_id;
  
  DEPARTMENT_ID JOB_ID               SUM(SALARY)
  ------------- -------------------- -----------
             10 AD_ASST                     4400
             20 MK_MAN                     13000
             20 MK_REP                      6000
             ...
            110 AC_MGR                     12008
  
  19 rows selected.
  
  select department_id, job_id, sum(salary) from employees where department_id is not null group by rollup(department_id, job_id);
  
  DEPARTMENT_ID JOB_ID               SUM(SALARY)
  ------------- -------------------- -----------
             10 AD_ASST                     4400
             10                             4400 -- 10번 부서에 부분합 
             20 MK_MAN                     13000
             ...
            110 AC_ACCOUNT                  8300
            110                            20308 -- 110번 부서에 대한 부분 합
                                          684416
  
  31 rows selected.
  
  각 department_id에 따라 부분합을 더 추가시켜주었다
  ```



- cube

  department_id에 따른 salary, job_id에 따른 salary 둘다 구해준다

  ```sql
   select department_id, job_id, sum(salary) from employees where department_id is not null group by cube(department_id, job_id);
  
  DEPARTMENT_ID JOB_ID               SUM(SALARY)
  ------------- -------------------- -----------
                                          684416
                AD_VP                      34000
                AC_MGR                     12008
                FI_MGR                     12008
                ...
                FI_ACCOUNT                 39600
             10                             4400
             10 AD_ASST                     4400
             20                            19000
             20 MK_MAN                     13000
             ...
            110 AC_MGR                     12008
            110 AC_ACCOUNT                  8300
  
  50 rows selected.
  ```

  





## Oracle 데이터 형식

- 문자

  - 종류

    - CHAR
    - VARCHAR2
    - NCHAR
    - NVARCHAR2
    - CLOB

  - 데이터는 대소문자 구분을 한다

  - CHAR , VARCHAR2에서 영문은 1바이트, 한글은 3바이트이다

    ```sql
    CHAR(50) 에 'ABC'를 저장
    ==> 3바이트(ABC) + 빈 47바이트
    
    VARCHAR2(50)에 'ABC'를 저장
    ===> 사용된 3바이트만 저장 
    ===>오지게 효율성 좋음
    ```

  - NCHAR, NVARCHAR2 에서 유니코드들(한글 포함)은 2바이트



- 정수 
  - 종류
    - BINARY_INT
    - INT
    - NUMBER
    - NUMBER(8,0)



- 실수
  - 종류
    - BINARY_FLOAT
    - FLOAT
    - NUMBER(8,2) ==> 정수 6, 소수2



- 날짜
  - 종류
    - DATE (초 단위 표현)
    - TIMESTAMP (1/1000초까지 표현)



- 대용량 / 기타
  - 종류
    - CLOB : 1TB 문다열 대용량 데이터
    - BLOB : 1TB 바이너리 대용량 데이터
    - 
    - BFILE : 1TB 이하
    - BIN : 1TB 이하

---



## 일반 함수

### 문자데이터 함수

- dual 테이블 

  - 가상 임시 테이블이다

  - 1행만 알려주기 위할 때 사용된다

  - ```sql
    select sysdate from dual;
    
    SYSDATE
    --------
    21/03/25
    
    select sysdate from employees;
    
    SYSDATE
    --------
    21/03/25
    21/03/25
    ...
    21/03/25
    
    107 rows selected.
    ```

- 형변환

  - cast 함수

    - 타입을 변환시키기 위한 함수(date, number,varchar2)

      ```sql
      select sysdate from dual;
      
      SYSDATE
      --------
      21/03/25
      
      
      
      select cast( sysdate as timestamp) from dual;
      CAST(SYSDATEASTIMESTAMP)
      ---------------------------------------------------------------------------
      21/03/25 11:47:28.000000
      
      
      select cast (1234.567 as number(10,2)) from dual;
      
      CAST(1234.567ASNUMBER(10,2))
      ----------------------------
                           1234.57 
                           
      -- 반올림도 시켜주네
      ```

  - to_number

    - 연산 가능

    ```sql
    select '100'+'200' from dual;
    
    '100'+'200'
    -----------
            300
    ==> 자동으로 숫자로 변환  
            
    
            
    select to_number('123,456','999,999') + '200' from dual;
    
    TO_NUMBER('123,456','999,999')+'200'
    ------------------------------------
                                  123656
    TO_NUMBER('123,456','999,999') 는 '123456'으로 읽어서 계산한다, 
                     
                     
                                  
    select to_number('$100','$999') + to_number('$200','$999') from dual;
    
    TO_NUMBER('$100','$999')+TO_NUMBER('$200','$999')
    -------------------------------------------------
                                                  300
                                                  
    to_number는 안에 있는 기호를 무시한다.
    ```

  

  - to_char

    - 

      ```sql
      $를 붙인채로 숫자를 문자로 바꿔라
      select to_char(123456.789, '$999999') from dual;
      
      TO_CHAR(123456.789
      ------------------
       $123,457
              
      
      소수점도 출력        
      select to_char(123456.700, '$999,999.99') from dual;
      
      TO_CHAR(123456.700,'$999
      ------------------------
       $123,456.70
      ```

  

  - 현재 오라클 설정 날짜형태

    - Dict 에서 nls 찾는 법

       ```sql
        select * from dict;
        -- dict 테이블에 있는 모든 값 찾기
       ```

       ```sql
        select table_name from dict where table_name like '%NLS%';
        
        TABLE_NAME
        ------------------------------------------------------------
        NLS_DATABASE_PARAMETERS
        NLS_INSTANCE_PARAMETERS
        NLS_SESSION_PARAMETERS
        V$NLS_PARAMETERS
        V$NLS_VALID_VALUES
        GV$NLS_PARAMETERS
        GV$NLS_VALID_VALUES
        
        7 rows selected.
       ```

       ```sql
         select * from nls_session_parameters;
        
        PARAMETER
        --------------------------------------------------------------------------------------
        VALUE
        --------------------------------------------------------------------------------------
        NLS_LANGUAGE
        KOREAN
        
        NLS_TERRITORY
        KOREA
        
        NLS_CURRENCY
        ￦
        
        NLS_ISO_CURRENCY
        KOREA
        
        NLS_NUMERIC_CHARACTERS
        .,
        
        NLS_CALENDAR
        GREGORIAN
        
        NLS_DATE_FORMAT
        RR/MM/DD
        ...
        
        NLS_NCHAR_CONV_EXCP
        FALSE
        
        
        17 rows selected.
        
        -- NLS_DATE_FORMAT이 RR/MM/DD 인것을 알았다
        
       ```

    - 날짜 정보

      ```sql
      select to_char(sysdate, 'YYYY/MM/DD HH24:MI:SS') from dual;
      
      TO_CHAR(SYSDATE,'YYYY/MM/DDHH24:MM:SS'
      --------------------------------------
      2021/03/25 13:03:46
              
      ```

-- HH로 하면 12시간형태로, HH24로 하면 24시간 형태로
      -- 분을 나타네는 것은 MM이 아니라 MI 이다 (월과 다르게 하기 위해 다름)
              
              
      select to_char(sysdate, 'YYYY/MM/DD DAY HH24:MI:SS') from dual;
      
      TO_CHAR(SYSDATE,'YYYY/MM/DDDAYHH24:MM:SS')
      ----------------------------------------------------------------
      2021/03/25 목요일 13:03:38
      -- DAY 출력 결과는 윈도우 설정 언어별로 다르다


​      
​      select to_char(sysdate, 'YYYY"년도" MM"월" DD"일"  pm HH"시" mi"분" ss"초"') from dual;
​      
      TO_CHAR(SYSDATE,'YYYY"년도"MM"월"DD"일"PMHH"시"MI"분"SS"초"')
      -------------------------------------------------------------------------------------
      2021년도 03월 25일  오후 01시 52분 00초
              
      -- pm을 붙여 쓰면 오전, 오후를 나타내 주고 사이에 문자를 표시하고 싶으면 큰따옴표를 사용한다


​              
​              
​      select to_char(sysdate, 'fmYYYY"년도" MM"월" DD"일"  pm HH"시" mi"분" ss"초"') from dual;
​      
      TO_CHAR(SYSDATE,'FMYYYY"년도"MM"월"DD"일"PMHH"시"MI"분"SS"초"')
      -------------------------------------------------------------------------------------
      2021년도 3월 25일  오후 1시 53분 14초
              
      -- 0으로 시작하는 의미없는 숫자들을 제거하기위해서 앞에 fm을 붙여서 사용한다
      ```


​    
​    
​    
  - 문자 => 날짜로 변환
  
    ```sql
    -- 하루 증가
    select sysdate + 1 from dual;
    
    SYSDATE+
    --------
    21/03/26
    
    -- 문자를 자동으로 날짜으로 변환
    select to_date('21/03/25','yy/mm/dd') from dual;
    
    -- 5년 후 조회
    select to_char(sysdate,'yyyy')+5 from dual;
    
    TO_CHAR(SYSDATE,'YYYY')+5
    -------------------------
                         2026
    
    
    /* employees 테이블에서 05년도 입사자만 뽑아라 */
    select hire_Date from employees where to_char(hire_date, 'yyyy') = '2005';
    
    HIRE_DAT
    --------
    05/09/21
    05/06/25
    ...
    05/08/17
    
    29 rows selected.
    
    
    /* employees 테이블에서 3월 입사자만 뽑아라 */
    select hire_date from employees where to_char(hire_date,'MM') = '03';
    
    HIRE_DAT
    --------
    06/03/07
    08/03/08
    ...
    07/03/17
    
    17 rows selected.
    ```

  

- 문자열

  - lnength / lengthb

  ```sql
  -- length
  select length('abc') from dual;
  
  LENGTH('ABC')
  -------------
              3
             
             
             
  -- 크기 
  select lengthb('가나다') from dual;
  
  LENGTHB('가나다')
  -----------------
                  9
  
  ```

  

  - 문자열 결합

    - ||

    ```sql
    select 'a'|| '가' from dual;
    
    'A'||'가'
    --------
    a가
    ```

    - concat

    ```sql
    select concat('가나다','abc') from dual;
    
    CONCAT('가나다','ABC')
    ------------------------
    가나다abc
    ```

  - instr

  ```sql
  -- 기존의 like와 비교
  select first_name from employees where first_name like '%er%';
  
  FIRST_NAME
  ----------------------------------------
  Hermann
  Gerald
  ...
  Jennifer
  
  14 rows selected. 
  
  
  select first_name from employees where instr(first_name, 'er') >0;
  
  FIRST_NAME
  ----------------------------------------
  Hermann
  Gerald
  ...
  Jennifer
  
  14 rows selected.
  
   
  -- 다른 예시 / 3월 입사자를 조회
  select hire_date from employees where hire_date like '___03%';
  
  HIRE_DAT
  --------
  06/03/07
  08/03/08
  ...
  07/03/17
  
  17 rows selected.
  
  select hire_date from employees where instr(hire_date, '03') = 4;
  
  ```

  

  

- 대소문자

  ```sql
  select first_name, upper(first_name), lower(first_name),initcap(first_name) from employees where department_id = 50;
  
  FIRST_NAME                               UPPER(FIRST_NAME)                        LOWER(FIRST_NAME)
             INITCAP(FIRST_NAME)
  ---------------------------------------- ---------------------------------------- -----------
  Mozhe                                    MOZHE                                    mozhe
             Mozhe
  Sarah                                    SARAH                                    sarah
             Sarah
  ...
  Matthew                                  MATTHEW                                  matthew
             Matthew
  
  45 rows selected.
  ```

  

- 교체

  ```sql
  -- 1. replace
  select replace ('이것이 Oracle이다', '이것이', 'This is') from dual;
  
  REPLACE('이것이ORACLE이다','이것이','THI'
  ----------------------------------------
  This is Oracle이다
          
  -- 2. translate
  select translate('이것이 Oracle이다', '이것','AB') from dual;
  
  TRANSLATE('이것이ORACLE이다'
  ----------------------------
  ABA OracleA다
          
  -- 각 단어마다 변환을 시켜준다, '이'는 'A'로, '것'은 'B'로'
  
  
  ```

  



- substr

  ```sql
  -- 03월 입사자
  select hire_date from employees where substr(hire_date,4,4)='03';
  
  HIRE_DAT
  --------
  06/03/07
  08/03/08
  ...
  07/03/17
  
  17 rows selected.
  ```



- 공백 삭제

  ```sql
  -- 왼쪽 공백 삭제
  select ltrim('     aa     ') from dual;
      
  LTRIM('AA')
  --------------
  aa
  
  select ltrim('##aaa####','#') from dual;
  
  LTRIM('#####
  ------------
  aa####
  
        
        
  -- 오른쪽 공백 삭제
  select rtrim('     aa     ') from dual;
  
  RTRIM('AA')
  --------------
       aa
        
  select rtrim('이거 졸잼이네ㅋㅋㅋㅋㅋㅋㅋ','ㅋ') from dual;
  
  RTRIM('이거졸잼이네ㅋㅋㅋㅋㅋㅋㅋ','ㅋ
  --------------------------------------
  이거 졸잼이네
  ```

  

  



### 숫자 데이터 함수

- mod : 나머지 값 구하기

  ```sql
  select mod(10,3) from dual;
  
   MOD(10,3)
  ----------
           1
           
  
  ```

  

- round - 반올림

  round(3.56,0) = 4

  round(3.56,1) = 3.6

  round(12345,-1) = 12350

  ```sql
  select 3456.789, round(3456.789 , 2), round(3456.789 , 0), round(3456.789 , -1) from dual;
  
    3456.789 ROUND(3456.789,2) ROUND(3456.789,0) ROUND(3456.789,-1)
  ---------- ----------------- ----------------- ------------------
    3456.789           3456.79              3457               3460
  ```

- trunc - 반올림 사용 x

  ```sql
  select 3456.789, trunc(3456.789 , 2), trunc(3456.789 , 0), trunc(3456.789 , -1) from dual;
  
    3456.789 TRUNC(3456.789,2) TRUNC(3456.789,0) TRUNC(3456.789,-1)
  ---------- ----------------- ----------------- ------------------
    3456.789           3456.78              3456               3450
  ```

  

- 예제

  - empoyees 테이블에서 홀수 사번만 조회

    ```sql
    
    EMPLOYEE_ID FIRST_NAME
    ----------- ----------------------------------------
            105 David
            167 Amit
            ...
            149 Eleni
    
    53 rows selected.
    ```

  - employees 테이블에서 입사년도별 급여 평균 조회하되 평균은 정수로 출력, 소수점 이하는 x, 반올림x

    ```sql
    select substr(hire_date,1,2), trunc(avg(salary)) from employees group by substr(hire_date,1,2);
    
    SUBSTR(HIRE_DATE TRUNC(AVG(SALARY))
    ---------------- ------------------
    04                             8600
    08                             5381
    07                             4994
    01                            17000
    03                             7750
    05                             6824
    02                             9830
    06                             5045
           
    -- groupby를 쓸 때에는 select 뒤에도 써줘야 한다는거 잊지마라!
    ```

    

#### 날짜 데이터 함수

- sysdate

  ```sql
  select add_months(sysdate,1) from dual; -- month가 아니라 months 이다
  
  ADD_MONT
  --------
  21/04/25
  
  
  -- 입사한지 경과년 수 조회
  select trunc((sysdate - hire_date)/365) from employees;
  
  -- 입사한지 경과주 수 조회
  select trunc((sysdate - hire_date)/7) from employees;
  
  -- 입사한지 경과개월 수 조회
  select trunc(months_between(sysdate, hire_date)) from employees;
  
  TRUNC(MONTHS_BETWEEN(SYSDATE,HIRE_DATE))
  ----------------------------------------
                                       213
                                       186
                                       ...
                                       225
  ```

  

#### 순위함수

- rownum, row_number(), rank(), dense_rank()



- 사용법

  ```sql
  --입사한지 오래된 사람 뽑는다
  순위함수() over( [ partition by ???? ] order by hire_date asc); -- partition by는 생략 가능
  ```

  





- 예제

  - 급여 많은 사원부터 순위를 매기자

    ```sql
    select first_name as 이름, salary as 급여, row_number() over( order by salary desc) as 급여순위 from employees;
    
    이름                                           급여   급여순위
    ---------------------------------------- ---------- ----------
    Steven                                        24000          1
    Neena                                         17000          2
    Lex                                           17000          3
    ...
    TJ                                             2100        107
    
    107 rows selected.
    
    -- 같은 급여에 대해서는 동순위를 해야하는데 안그렇고 있다
    
    
    select first_name as 이름, salary as 급여, rank() over( order by salary desc) as 급여순위 from employees;
    
    이름                                           급여   급여순위
    ---------------------------------------- ---------- ----------
    Steven                                        24000          1
    Neena                                         17000          2
    Lex                                           17000          2
    ...
    TJ                                             2100        107
    
    107 rows selected.
    
    -- 2등이 2명이면 다음 순위는 4등이 된다. 그런데 3등으로 바꿔서 해보자
    select first_name as 이름, salary as 급여, dense_rank() over( order by salary desc) as 급여순위 from employees;
    
    이름                                           급여   급여순위
    ---------------------------------------- ---------- ----------
    Steven                                        24000          1
    Neena                                         17000          2
    Lex                                           17000          2
    John                                          14000          3
    ...
    TJ                                             2100         58
    
    107 rows selected.
    
    
    
    
    
    -- 이제 부서별로 등급을 나눈다
    select first_name as 이름, salary as 급여, department_id as 부서코드,  row_number() over(partition by department_id order by salary desc) as 급여순위 from employees;
    
    이름                                           급여   부서코드   급여순위
    ---------------------------------------- ---------- ---------- ----------
    Jennifer                                       4400         10          1
    Michael                                       13000         20          1
    Pat                                            6000         20          2
    Den                                           11000         30          1
    Alexander                                      3100         30          2
    Shelli                                         2900         30          3
    Sigal                                          2800         30          4
    Guy                                            2600         30          5
    Karen                                          2500         30          6
    ...
    Shelley                                       12008        110          1
    William                                        8300        110          2
    Kimberely                                      7000                     1
    
    107 rows selected.
    ```

- nvl

  - null인 값을 원하는 다른 값으로 변경
  - nvl 안에 값의 형태는 서로 같아야 한다

  ```sql
  select first_name, nvl(commission_pct, 123) from employees;
  -- commission_pct가 숫자 이므로, 뒤에 값도 숫자가 와야 한다
  
  
  
  select first_name, nvl(to_char(commission_pct), 'No 보너스') from employees;
  
  FIRST_NAME                               NVL(TO_CHAR(COMMISSION_PCT),'NO보너스')
  ---------------------------------------- --------------------------------------------------------------------------------
  Steven                                   No 보너스
  Neena                                    No 보너스
  Lex                                      No 보너스
  ...
  Karen                                    .3
  Alberto                                  .3
  Gerald                                   .3
  Eleni                                    .2
  Shelley                                  No 보너스
  William                                  No 보너스
  
  107 rows selected.
  -- commsission_pct를 문자 형태로 바꿔서 사용하면 위처럼 변경 가능
  
  
  select first_name, nvl(to_char(commission_pct), 'No 보너스') as "너의 보너스" from employees;
  
  FIRST_NAME                               너의 보너스
  ---------------------------------------- --------------------------------------------------------------------------------
  Steven                                   No 보너스
  Neena                                    No 보너스
  ...
  William                                  No 보너스
  
  107 rows selected.
  
  -- alias(as)를 사용할 때 띄어쓰기를 포함하려면 큰 따옴표를 사용해야 한다
  ```

  

